participant_id,order,phase,task,viewing_condition,difficulty
"1","1","training","denoising","exo","easy"
"1","2","training","denoising","exo","easy"
"1","3","training","denoising","exo","medium"
"1","4","test","denoising","exo","hard"
"1","5","test","denoising","exo","medium"
"1","6","test","denoising","exo","hard"
"1","7","test","denoising","exo","easy"
"1","8","test","denoising","exo","hard"
"1","9","test","denoising","exo","easy"
"1","10","test","denoising","exo","easy"
"1","11","test","denoising","exo","hard"
"1","12","test","denoising","exo","easy"
"1","13","test","denoising","exo","medium"
"1","14","test","denoising","exo","medium"
"1","15","test","denoising","exo","medium"
"1","16","test","denoising","exo","medium"
"1","17","test","denoising","exo","easy"
"1","18","test","denoising","exo","hard"
"1","19","training","denoising","ego","easy"
"1","20","training","denoising","ego","easy"
"1","21","training","denoising","ego","medium"
"1","22","test","denoising","ego","medium"
"1","23","test","denoising","ego","easy"
"1","24","test","denoising","ego","hard"
"1","25","test","denoising","ego","hard"
"1","26","test","denoising","ego","hard"
"1","27","test","denoising","ego","easy"
"1","28","test","denoising","ego","easy"
"1","29","test","denoising","ego","medium"
"1","30","test","denoising","ego","easy"
"1","31","test","denoising","ego","medium"
"1","32","test","denoising","ego","hard"
"1","33","test","denoising","ego","medium"
"1","34","test","denoising","ego","medium"
"1","35","test","denoising","ego","hard"
"1","36","test","denoising","ego","easy"
"1","37","training","cluster_distinction","exo","easy"
"1","38","training","cluster_distinction","exo","easy"
"1","39","training","cluster_distinction","exo","medium"
"1","40","test","cluster_distinction","exo","easy"
"1","41","test","cluster_distinction","exo","medium"
"1","42","test","cluster_distinction","exo","medium"
"1","43","test","cluster_distinction","exo","easy"
"1","44","test","cluster_distinction","exo","easy"
"1","45","test","cluster_distinction","exo","hard"
"1","46","test","cluster_distinction","exo","easy"
"1","47","test","cluster_distinction","exo","hard"
"1","48","test","cluster_distinction","exo","easy"
"1","49","test","cluster_distinction","exo","medium"
"1","50","test","cluster_distinction","exo","hard"
"1","51","test","cluster_distinction","exo","hard"
"1","52","test","cluster_distinction","exo","medium"
"1","53","test","cluster_distinction","exo","medium"
"1","54","test","cluster_distinction","exo","hard"
"1","55","training","cluster_distinction","ego","easy"
"1","56","training","cluster_distinction","ego","easy"
"1","57","training","cluster_distinction","ego","medium"
"1","58","test","cluster_distinction","ego","easy"
"1","59","test","cluster_distinction","ego","hard"
"1","60","test","cluster_distinction","ego","easy"
"1","61","test","cluster_distinction","ego","medium"
"1","62","test","cluster_distinction","ego","easy"
"1","63","test","cluster_distinction","ego","hard"
"1","64","test","cluster_distinction","ego","easy"
"1","65","test","cluster_distinction","ego","hard"
"1","66","test","cluster_distinction","ego","medium"
"1","67","test","cluster_distinction","ego","hard"
"1","68","test","cluster_distinction","ego","medium"
"1","69","test","cluster_distinction","ego","hard"
"1","70","test","cluster_distinction","ego","medium"
"1","71","test","cluster_distinction","ego","medium"
"1","72","test","cluster_distinction","ego","easy"
"2","1","training","cluster_distinction","ego","easy"
"2","2","training","cluster_distinction","ego","easy"
"2","3","training","cluster_distinction","ego","medium"
"2","4","test","cluster_distinction","ego","hard"
"2","5","test","cluster_distinction","ego","hard"
"2","6","test","cluster_distinction","ego","easy"
"2","7","test","cluster_distinction","ego","medium"
"2","8","test","cluster_distinction","ego","easy"
"2","9","test","cluster_distinction","ego","medium"
"2","10","test","cluster_distinction","ego","medium"
"2","11","test","cluster_distinction","ego","medium"
"2","12","test","cluster_distinction","ego","hard"
"2","13","test","cluster_distinction","ego","easy"
"2","14","test","cluster_distinction","ego","easy"
"2","15","test","cluster_distinction","ego","medium"
"2","16","test","cluster_distinction","ego","easy"
"2","17","test","cluster_distinction","ego","hard"
"2","18","test","cluster_distinction","ego","hard"
"2","19","training","cluster_distinction","exo","easy"
"2","20","training","cluster_distinction","exo","easy"
"2","21","training","cluster_distinction","exo","medium"
"2","22","test","cluster_distinction","exo","hard"
"2","23","test","cluster_distinction","exo","easy"
"2","24","test","cluster_distinction","exo","medium"
"2","25","test","cluster_distinction","exo","medium"
"2","26","test","cluster_distinction","exo","medium"
"2","27","test","cluster_distinction","exo","easy"
"2","28","test","cluster_distinction","exo","hard"
"2","29","test","cluster_distinction","exo","hard"
"2","30","test","cluster_distinction","exo","medium"
"2","31","test","cluster_distinction","exo","hard"
"2","32","test","cluster_distinction","exo","medium"
"2","33","test","cluster_distinction","exo","hard"
"2","34","test","cluster_distinction","exo","easy"
"2","35","test","cluster_distinction","exo","easy"
"2","36","test","cluster_distinction","exo","easy"
"2","37","training","denoising","ego","easy"
"2","38","training","denoising","ego","easy"
"2","39","training","denoising","ego","medium"
"2","40","test","denoising","ego","medium"
"2","41","test","denoising","ego","easy"
"2","42","test","denoising","ego","easy"
"2","43","test","denoising","ego","easy"
"2","44","test","denoising","ego","hard"
"2","45","test","denoising","ego","hard"
"2","46","test","denoising","ego","hard"
"2","47","test","denoising","ego","hard"
"2","48","test","denoising","ego","hard"
"2","49","test","denoising","ego","medium"
"2","50","test","denoising","ego","medium"
"2","51","test","denoising","ego","medium"
"2","52","test","denoising","ego","easy"
"2","53","test","denoising","ego","medium"
"2","54","test","denoising","ego","easy"
"2","55","training","denoising","exo","easy"
"2","56","training","denoising","exo","easy"
"2","57","training","denoising","exo","medium"
"2","58","test","denoising","exo","hard"
"2","59","test","denoising","exo","medium"
"2","60","test","denoising","exo","easy"
"2","61","test","denoising","exo","easy"
"2","62","test","denoising","exo","easy"
"2","63","test","denoising","exo","hard"
"2","64","test","denoising","exo","medium"
"2","65","test","denoising","exo","hard"
"2","66","test","denoising","exo","medium"
"2","67","test","denoising","exo","medium"
"2","68","test","denoising","exo","hard"
"2","69","test","denoising","exo","easy"
"2","70","test","denoising","exo","hard"
"2","71","test","denoising","exo","easy"
"2","72","test","denoising","exo","medium"
"3","1","training","denoising","ego","easy"
"3","2","training","denoising","ego","easy"
"3","3","training","denoising","ego","medium"
"3","4","test","denoising","ego","easy"
"3","5","test","denoising","ego","medium"
"3","6","test","denoising","ego","medium"
"3","7","test","denoising","ego","hard"
"3","8","test","denoising","ego","easy"
"3","9","test","denoising","ego","easy"
"3","10","test","denoising","ego","easy"
"3","11","test","denoising","ego","medium"
"3","12","test","denoising","ego","hard"
"3","13","test","denoising","ego","hard"
"3","14","test","denoising","ego","medium"
"3","15","test","denoising","ego","hard"
"3","16","test","denoising","ego","easy"
"3","17","test","denoising","ego","medium"
"3","18","test","denoising","ego","hard"
"3","19","training","denoising","exo","easy"
"3","20","training","denoising","exo","easy"
"3","21","training","denoising","exo","medium"
"3","22","test","denoising","exo","medium"
"3","23","test","denoising","exo","easy"
"3","24","test","denoising","exo","medium"
"3","25","test","denoising","exo","medium"
"3","26","test","denoising","exo","hard"
"3","27","test","denoising","exo","hard"
"3","28","test","denoising","exo","hard"
"3","29","test","denoising","exo","easy"
"3","30","test","denoising","exo","easy"
"3","31","test","denoising","exo","hard"
"3","32","test","denoising","exo","easy"
"3","33","test","denoising","exo","hard"
"3","34","test","denoising","exo","medium"
"3","35","test","denoising","exo","medium"
"3","36","test","denoising","exo","easy"
"3","37","training","cluster_distinction","ego","easy"
"3","38","training","cluster_distinction","ego","easy"
"3","39","training","cluster_distinction","ego","medium"
"3","40","test","cluster_distinction","ego","easy"
"3","41","test","cluster_distinction","ego","hard"
"3","42","test","cluster_distinction","ego","hard"
"3","43","test","cluster_distinction","ego","easy"
"3","44","test","cluster_distinction","ego","hard"
"3","45","test","cluster_distinction","ego","hard"
"3","46","test","cluster_distinction","ego","medium"
"3","47","test","cluster_distinction","ego","easy"
"3","48","test","cluster_distinction","ego","medium"
"3","49","test","cluster_distinction","ego","hard"
"3","50","test","cluster_distinction","ego","medium"
"3","51","test","cluster_distinction","ego","medium"
"3","52","test","cluster_distinction","ego","easy"
"3","53","test","cluster_distinction","ego","easy"
"3","54","test","cluster_distinction","ego","medium"
"3","55","training","cluster_distinction","exo","easy"
"3","56","training","cluster_distinction","exo","easy"
"3","57","training","cluster_distinction","exo","medium"
"3","58","test","cluster_distinction","exo","medium"
"3","59","test","cluster_distinction","exo","easy"
"3","60","test","cluster_distinction","exo","hard"
"3","61","test","cluster_distinction","exo","medium"
"3","62","test","cluster_distinction","exo","easy"
"3","63","test","cluster_distinction","exo","hard"
"3","64","test","cluster_distinction","exo","easy"
"3","65","test","cluster_distinction","exo","medium"
"3","66","test","cluster_distinction","exo","hard"
"3","67","test","cluster_distinction","exo","medium"
"3","68","test","cluster_distinction","exo","medium"
"3","69","test","cluster_distinction","exo","easy"
"3","70","test","cluster_distinction","exo","easy"
"3","71","test","cluster_distinction","exo","hard"
"3","72","test","cluster_distinction","exo","hard"
"4","1","training","cluster_distinction","exo","easy"
"4","2","training","cluster_distinction","exo","easy"
"4","3","training","cluster_distinction","exo","medium"
"4","4","test","cluster_distinction","exo","easy"
"4","5","test","cluster_distinction","exo","medium"
"4","6","test","cluster_distinction","exo","easy"
"4","7","test","cluster_distinction","exo","hard"
"4","8","test","cluster_distinction","exo","easy"
"4","9","test","cluster_distinction","exo","hard"
"4","10","test","cluster_distinction","exo","easy"
"4","11","test","cluster_distinction","exo","medium"
"4","12","test","cluster_distinction","exo","easy"
"4","13","test","cluster_distinction","exo","hard"
"4","14","test","cluster_distinction","exo","medium"
"4","15","test","cluster_distinction","exo","hard"
"4","16","test","cluster_distinction","exo","medium"
"4","17","test","cluster_distinction","exo","hard"
"4","18","test","cluster_distinction","exo","medium"
"4","19","training","cluster_distinction","ego","easy"
"4","20","training","cluster_distinction","ego","easy"
"4","21","training","cluster_distinction","ego","medium"
"4","22","test","cluster_distinction","ego","hard"
"4","23","test","cluster_distinction","ego","easy"
"4","24","test","cluster_distinction","ego","easy"
"4","25","test","cluster_distinction","ego","hard"
"4","26","test","cluster_distinction","ego","hard"
"4","27","test","cluster_distinction","ego","easy"
"4","28","test","cluster_distinction","ego","medium"
"4","29","test","cluster_distinction","ego","medium"
"4","30","test","cluster_distinction","ego","hard"
"4","31","test","cluster_distinction","ego","medium"
"4","32","test","cluster_distinction","ego","hard"
"4","33","test","cluster_distinction","ego","easy"
"4","34","test","cluster_distinction","ego","medium"
"4","35","test","cluster_distinction","ego","easy"
"4","36","test","cluster_distinction","ego","medium"
"4","37","training","denoising","exo","easy"
"4","38","training","denoising","exo","easy"
"4","39","training","denoising","exo","medium"
"4","40","test","denoising","exo","hard"
"4","41","test","denoising","exo","hard"
"4","42","test","denoising","exo","medium"
"4","43","test","denoising","exo","medium"
"4","44","test","denoising","exo","easy"
"4","45","test","denoising","exo","hard"
"4","46","test","denoising","exo","easy"
"4","47","test","denoising","exo","easy"
"4","48","test","denoising","exo","easy"
"4","49","test","denoising","exo","easy"
"4","50","test","denoising","exo","medium"
"4","51","test","denoising","exo","medium"
"4","52","test","denoising","exo","hard"
"4","53","test","denoising","exo","hard"
"4","54","test","denoising","exo","medium"
"4","55","training","denoising","ego","easy"
"4","56","training","denoising","ego","easy"
"4","57","training","denoising","ego","medium"
"4","58","test","denoising","ego","medium"
"4","59","test","denoising","ego","easy"
"4","60","test","denoising","ego","hard"
"4","61","test","denoising","ego","medium"
"4","62","test","denoising","ego","hard"
"4","63","test","denoising","ego","easy"
"4","64","test","denoising","ego","medium"
"4","65","test","denoising","ego","hard"
"4","66","test","denoising","ego","medium"
"4","67","test","denoising","ego","hard"
"4","68","test","denoising","ego","easy"
"4","69","test","denoising","ego","medium"
"4","70","test","denoising","ego","easy"
"4","71","test","denoising","ego","hard"
"4","72","test","denoising","ego","easy"
"5","1","training","denoising","exo","easy"
"5","2","training","denoising","exo","easy"
"5","3","training","denoising","exo","medium"
"5","4","test","denoising","exo","easy"
"5","5","test","denoising","exo","easy"
"5","6","test","denoising","exo","hard"
"5","7","test","denoising","exo","medium"
"5","8","test","denoising","exo","easy"
"5","9","test","denoising","exo","hard"
"5","10","test","denoising","exo","medium"
"5","11","test","denoising","exo","medium"
"5","12","test","denoising","exo","easy"
"5","13","test","denoising","exo","easy"
"5","14","test","denoising","exo","hard"
"5","15","test","denoising","exo","hard"
"5","16","test","denoising","exo","medium"
"5","17","test","denoising","exo","hard"
"5","18","test","denoising","exo","medium"
"5","19","training","denoising","ego","easy"
"5","20","training","denoising","ego","easy"
"5","21","training","denoising","ego","medium"
"5","22","test","denoising","ego","medium"
"5","23","test","denoising","ego","hard"
"5","24","test","denoising","ego","easy"
"5","25","test","denoising","ego","easy"
"5","26","test","denoising","ego","easy"
"5","27","test","denoising","ego","medium"
"5","28","test","denoising","ego","hard"
"5","29","test","denoising","ego","easy"
"5","30","test","denoising","ego","hard"
"5","31","test","denoising","ego","medium"
"5","32","test","denoising","ego","hard"
"5","33","test","denoising","ego","medium"
"5","34","test","denoising","ego","medium"
"5","35","test","denoising","ego","hard"
"5","36","test","denoising","ego","easy"
"5","37","training","cluster_distinction","exo","easy"
"5","38","training","cluster_distinction","exo","easy"
"5","39","training","cluster_distinction","exo","medium"
"5","40","test","cluster_distinction","exo","easy"
"5","41","test","cluster_distinction","exo","easy"
"5","42","test","cluster_distinction","exo","easy"
"5","43","test","cluster_distinction","exo","hard"
"5","44","test","cluster_distinction","exo","medium"
"5","45","test","cluster_distinction","exo","medium"
"5","46","test","cluster_distinction","exo","hard"
"5","47","test","cluster_distinction","exo","medium"
"5","48","test","cluster_distinction","exo","hard"
"5","49","test","cluster_distinction","exo","medium"
"5","50","test","cluster_distinction","exo","medium"
"5","51","test","cluster_distinction","exo","hard"
"5","52","test","cluster_distinction","exo","hard"
"5","53","test","cluster_distinction","exo","easy"
"5","54","test","cluster_distinction","exo","easy"
"5","55","training","cluster_distinction","ego","easy"
"5","56","training","cluster_distinction","ego","easy"
"5","57","training","cluster_distinction","ego","medium"
"5","58","test","cluster_distinction","ego","hard"
"5","59","test","cluster_distinction","ego","medium"
"5","60","test","cluster_distinction","ego","easy"
"5","61","test","cluster_distinction","ego","hard"
"5","62","test","cluster_distinction","ego","hard"
"5","63","test","cluster_distinction","ego","hard"
"5","64","test","cluster_distinction","ego","easy"
"5","65","test","cluster_distinction","ego","medium"
"5","66","test","cluster_distinction","ego","easy"
"5","67","test","cluster_distinction","ego","medium"
"5","68","test","cluster_distinction","ego","medium"
"5","69","test","cluster_distinction","ego","easy"
"5","70","test","cluster_distinction","ego","medium"
"5","71","test","cluster_distinction","ego","easy"
"5","72","test","cluster_distinction","ego","hard"
"6","1","training","cluster_distinction","ego","easy"
"6","2","training","cluster_distinction","ego","easy"
"6","3","training","cluster_distinction","ego","medium"
"6","4","test","cluster_distinction","ego","easy"
"6","5","test","cluster_distinction","ego","easy"
"6","6","test","cluster_distinction","ego","hard"
"6","7","test","cluster_distinction","ego","hard"
"6","8","test","cluster_distinction","ego","medium"
"6","9","test","cluster_distinction","ego","easy"
"6","10","test","cluster_distinction","ego","medium"
"6","11","test","cluster_distinction","ego","easy"
"6","12","test","cluster_distinction","ego","hard"
"6","13","test","cluster_distinction","ego","hard"
"6","14","test","cluster_distinction","ego","hard"
"6","15","test","cluster_distinction","ego","medium"
"6","16","test","cluster_distinction","ego","easy"
"6","17","test","cluster_distinction","ego","medium"
"6","18","test","cluster_distinction","ego","medium"
"6","19","training","cluster_distinction","exo","easy"
"6","20","training","cluster_distinction","exo","easy"
"6","21","training","cluster_distinction","exo","medium"
"6","22","test","cluster_distinction","exo","medium"
"6","23","test","cluster_distinction","exo","easy"
"6","24","test","cluster_distinction","exo","easy"
"6","25","test","cluster_distinction","exo","hard"
"6","26","test","cluster_distinction","exo","hard"
"6","27","test","cluster_distinction","exo","hard"
"6","28","test","cluster_distinction","exo","easy"
"6","29","test","cluster_distinction","exo","easy"
"6","30","test","cluster_distinction","exo","medium"
"6","31","test","cluster_distinction","exo","hard"
"6","32","test","cluster_distinction","exo","medium"
"6","33","test","cluster_distinction","exo","hard"
"6","34","test","cluster_distinction","exo","easy"
"6","35","test","cluster_distinction","exo","medium"
"6","36","test","cluster_distinction","exo","medium"
"6","37","training","denoising","ego","easy"
"6","38","training","denoising","ego","easy"
"6","39","training","denoising","ego","medium"
"6","40","test","denoising","ego","easy"
"6","41","test","denoising","ego","hard"
"6","42","test","denoising","ego","easy"
"6","43","test","denoising","ego","hard"
"6","44","test","denoising","ego","easy"
"6","45","test","denoising","ego","medium"
"6","46","test","denoising","ego","hard"
"6","47","test","denoising","ego","medium"
"6","48","test","denoising","ego","hard"
"6","49","test","denoising","ego","medium"
"6","50","test","denoising","ego","medium"
"6","51","test","denoising","ego","medium"
"6","52","test","denoising","ego","easy"
"6","53","test","denoising","ego","easy"
"6","54","test","denoising","ego","hard"
"6","55","training","denoising","exo","easy"
"6","56","training","denoising","exo","easy"
"6","57","training","denoising","exo","medium"
"6","58","test","denoising","exo","medium"
"6","59","test","denoising","exo","easy"
"6","60","test","denoising","exo","easy"
"6","61","test","denoising","exo","hard"
"6","62","test","denoising","exo","medium"
"6","63","test","denoising","exo","hard"
"6","64","test","denoising","exo","medium"
"6","65","test","denoising","exo","hard"
"6","66","test","denoising","exo","hard"
"6","67","test","denoising","exo","medium"
"6","68","test","denoising","exo","easy"
"6","69","test","denoising","exo","hard"
"6","70","test","denoising","exo","medium"
"6","71","test","denoising","exo","easy"
"6","72","test","denoising","exo","easy"
"7","1","training","denoising","ego","easy"
"7","2","training","denoising","ego","easy"
"7","3","training","denoising","ego","medium"
"7","4","test","denoising","ego","medium"
"7","5","test","denoising","ego","easy"
"7","6","test","denoising","ego","easy"
"7","7","test","denoising","ego","medium"
"7","8","test","denoising","ego","hard"
"7","9","test","denoising","ego","easy"
"7","10","test","denoising","ego","medium"
"7","11","test","denoising","ego","easy"
"7","12","test","denoising","ego","easy"
"7","13","test","denoising","ego","hard"
"7","14","test","denoising","ego","medium"
"7","15","test","denoising","ego","hard"
"7","16","test","denoising","ego","medium"
"7","17","test","denoising","ego","hard"
"7","18","test","denoising","ego","hard"
"7","19","training","denoising","exo","easy"
"7","20","training","denoising","exo","easy"
"7","21","training","denoising","exo","medium"
"7","22","test","denoising","exo","easy"
"7","23","test","denoising","exo","medium"
"7","24","test","denoising","exo","hard"
"7","25","test","denoising","exo","hard"
"7","26","test","denoising","exo","medium"
"7","27","test","denoising","exo","medium"
"7","28","test","denoising","exo","hard"
"7","29","test","denoising","exo","hard"
"7","30","test","denoising","exo","easy"
"7","31","test","denoising","exo","hard"
"7","32","test","denoising","exo","medium"
"7","33","test","denoising","exo","medium"
"7","34","test","denoising","exo","easy"
"7","35","test","denoising","exo","easy"
"7","36","test","denoising","exo","easy"
"7","37","training","cluster_distinction","ego","easy"
"7","38","training","cluster_distinction","ego","easy"
"7","39","training","cluster_distinction","ego","medium"
"7","40","test","cluster_distinction","ego","medium"
"7","41","test","cluster_distinction","ego","medium"
"7","42","test","cluster_distinction","ego","medium"
"7","43","test","cluster_distinction","ego","easy"
"7","44","test","cluster_distinction","ego","easy"
"7","45","test","cluster_distinction","ego","hard"
"7","46","test","cluster_distinction","ego","hard"
"7","47","test","cluster_distinction","ego","medium"
"7","48","test","cluster_distinction","ego","medium"
"7","49","test","cluster_distinction","ego","hard"
"7","50","test","cluster_distinction","ego","easy"
"7","51","test","cluster_distinction","ego","hard"
"7","52","test","cluster_distinction","ego","easy"
"7","53","test","cluster_distinction","ego","hard"
"7","54","test","cluster_distinction","ego","easy"
"7","55","training","cluster_distinction","exo","easy"
"7","56","training","cluster_distinction","exo","easy"
"7","57","training","cluster_distinction","exo","medium"
"7","58","test","cluster_distinction","exo","hard"
"7","59","test","cluster_distinction","exo","easy"
"7","60","test","cluster_distinction","exo","medium"
"7","61","test","cluster_distinction","exo","hard"
"7","62","test","cluster_distinction","exo","medium"
"7","63","test","cluster_distinction","exo","medium"
"7","64","test","cluster_distinction","exo","hard"
"7","65","test","cluster_distinction","exo","medium"
"7","66","test","cluster_distinction","exo","easy"
"7","67","test","cluster_distinction","exo","hard"
"7","68","test","cluster_distinction","exo","medium"
"7","69","test","cluster_distinction","exo","hard"
"7","70","test","cluster_distinction","exo","easy"
"7","71","test","cluster_distinction","exo","easy"
"7","72","test","cluster_distinction","exo","easy"
"8","1","training","cluster_distinction","exo","easy"
"8","2","training","cluster_distinction","exo","easy"
"8","3","training","cluster_distinction","exo","medium"
"8","4","test","cluster_distinction","exo","hard"
"8","5","test","cluster_distinction","exo","medium"
"8","6","test","cluster_distinction","exo","hard"
"8","7","test","cluster_distinction","exo","easy"
"8","8","test","cluster_distinction","exo","medium"
"8","9","test","cluster_distinction","exo","medium"
"8","10","test","cluster_distinction","exo","hard"
"8","11","test","cluster_distinction","exo","hard"
"8","12","test","cluster_distinction","exo","easy"
"8","13","test","cluster_distinction","exo","hard"
"8","14","test","cluster_distinction","exo","easy"
"8","15","test","cluster_distinction","exo","easy"
"8","16","test","cluster_distinction","exo","medium"
"8","17","test","cluster_distinction","exo","medium"
"8","18","test","cluster_distinction","exo","easy"
"8","19","training","cluster_distinction","ego","easy"
"8","20","training","cluster_distinction","ego","easy"
"8","21","training","cluster_distinction","ego","medium"
"8","22","test","cluster_distinction","ego","medium"
"8","23","test","cluster_distinction","ego","medium"
"8","24","test","cluster_distinction","ego","medium"
"8","25","test","cluster_distinction","ego","hard"
"8","26","test","cluster_distinction","ego","hard"
"8","27","test","cluster_distinction","ego","easy"
"8","28","test","cluster_distinction","ego","medium"
"8","29","test","cluster_distinction","ego","easy"
"8","30","test","cluster_distinction","ego","easy"
"8","31","test","cluster_distinction","ego","hard"
"8","32","test","cluster_distinction","ego","easy"
"8","33","test","cluster_distinction","ego","medium"
"8","34","test","cluster_distinction","ego","hard"
"8","35","test","cluster_distinction","ego","hard"
"8","36","test","cluster_distinction","ego","easy"
"8","37","training","denoising","exo","easy"
"8","38","training","denoising","exo","easy"
"8","39","training","denoising","exo","medium"
"8","40","test","denoising","exo","medium"
"8","41","test","denoising","exo","easy"
"8","42","test","denoising","exo","easy"
"8","43","test","denoising","exo","hard"
"8","44","test","denoising","exo","medium"
"8","45","test","denoising","exo","medium"
"8","46","test","denoising","exo","medium"
"8","47","test","denoising","exo","easy"
"8","48","test","denoising","exo","easy"
"8","49","test","denoising","exo","hard"
"8","50","test","denoising","exo","hard"
"8","51","test","denoising","exo","hard"
"8","52","test","denoising","exo","hard"
"8","53","test","denoising","exo","easy"
"8","54","test","denoising","exo","medium"
"8","55","training","denoising","ego","easy"
"8","56","training","denoising","ego","easy"
"8","57","training","denoising","ego","medium"
"8","58","test","denoising","ego","medium"
"8","59","test","denoising","ego","medium"
"8","60","test","denoising","ego","hard"
"8","61","test","denoising","ego","easy"
"8","62","test","denoising","ego","hard"
"8","63","test","denoising","ego","medium"
"8","64","test","denoising","ego","medium"
"8","65","test","denoising","ego","easy"
"8","66","test","denoising","ego","easy"
"8","67","test","denoising","ego","medium"
"8","68","test","denoising","ego","hard"
"8","69","test","denoising","ego","easy"
"8","70","test","denoising","ego","easy"
"8","71","test","denoising","ego","hard"
"8","72","test","denoising","ego","hard"
"9","1","training","denoising","exo","easy"
"9","2","training","denoising","exo","easy"
"9","3","training","denoising","exo","medium"
"9","4","test","denoising","exo","easy"
"9","5","test","denoising","exo","medium"
"9","6","test","denoising","exo","medium"
"9","7","test","denoising","exo","easy"
"9","8","test","denoising","exo","easy"
"9","9","test","denoising","exo","medium"
"9","10","test","denoising","exo","hard"
"9","11","test","denoising","exo","easy"
"9","12","test","denoising","exo","hard"
"9","13","test","denoising","exo","hard"
"9","14","test","denoising","exo","hard"
"9","15","test","denoising","exo","easy"
"9","16","test","denoising","exo","medium"
"9","17","test","denoising","exo","medium"
"9","18","test","denoising","exo","hard"
"9","19","training","denoising","ego","easy"
"9","20","training","denoising","ego","easy"
"9","21","training","denoising","ego","medium"
"9","22","test","denoising","ego","hard"
"9","23","test","denoising","ego","hard"
"9","24","test","denoising","ego","medium"
"9","25","test","denoising","ego","medium"
"9","26","test","denoising","ego","easy"
"9","27","test","denoising","ego","hard"
"9","28","test","denoising","ego","easy"
"9","29","test","denoising","ego","easy"
"9","30","test","denoising","ego","medium"
"9","31","test","denoising","ego","hard"
"9","32","test","denoising","ego","easy"
"9","33","test","denoising","ego","medium"
"9","34","test","denoising","ego","medium"
"9","35","test","denoising","ego","easy"
"9","36","test","denoising","ego","hard"
"9","37","training","cluster_distinction","exo","easy"
"9","38","training","cluster_distinction","exo","easy"
"9","39","training","cluster_distinction","exo","medium"
"9","40","test","cluster_distinction","exo","hard"
"9","41","test","cluster_distinction","exo","easy"
"9","42","test","cluster_distinction","exo","easy"
"9","43","test","cluster_distinction","exo","hard"
"9","44","test","cluster_distinction","exo","easy"
"9","45","test","cluster_distinction","exo","easy"
"9","46","test","cluster_distinction","exo","medium"
"9","47","test","cluster_distinction","exo","hard"
"9","48","test","cluster_distinction","exo","medium"
"9","49","test","cluster_distinction","exo","medium"
"9","50","test","cluster_distinction","exo","hard"
"9","51","test","cluster_distinction","exo","medium"
"9","52","test","cluster_distinction","exo","hard"
"9","53","test","cluster_distinction","exo","easy"
"9","54","test","cluster_distinction","exo","medium"
"9","55","training","cluster_distinction","ego","easy"
"9","56","training","cluster_distinction","ego","easy"
"9","57","training","cluster_distinction","ego","medium"
"9","58","test","cluster_distinction","ego","medium"
"9","59","test","cluster_distinction","ego","easy"
"9","60","test","cluster_distinction","ego","hard"
"9","61","test","cluster_distinction","ego","medium"
"9","62","test","cluster_distinction","ego","easy"
"9","63","test","cluster_distinction","ego","hard"
"9","64","test","cluster_distinction","ego","hard"
"9","65","test","cluster_distinction","ego","medium"
"9","66","test","cluster_distinction","ego","easy"
"9","67","test","cluster_distinction","ego","medium"
"9","68","test","cluster_distinction","ego","hard"
"9","69","test","cluster_distinction","ego","easy"
"9","70","test","cluster_distinction","ego","medium"
"9","71","test","cluster_distinction","ego","easy"
"9","72","test","cluster_distinction","ego","hard"
"10","1","training","cluster_distinction","ego","easy"
"10","2","training","cluster_distinction","ego","easy"
"10","3","training","cluster_distinction","ego","medium"
"10","4","test","cluster_distinction","ego","medium"
"10","5","test","cluster_distinction","ego","medium"
"10","6","test","cluster_distinction","ego","hard"
"10","7","test","cluster_distinction","ego","medium"
"10","8","test","cluster_distinction","ego","hard"
"10","9","test","cluster_distinction","ego","easy"
"10","10","test","cluster_distinction","ego","easy"
"10","11","test","cluster_distinction","ego","hard"
"10","12","test","cluster_distinction","ego","easy"
"10","13","test","cluster_distinction","ego","medium"
"10","14","test","cluster_distinction","ego","medium"
"10","15","test","cluster_distinction","ego","easy"
"10","16","test","cluster_distinction","ego","hard"
"10","17","test","cluster_distinction","ego","easy"
"10","18","test","cluster_distinction","ego","hard"
"10","19","training","cluster_distinction","exo","easy"
"10","20","training","cluster_distinction","exo","easy"
"10","21","training","cluster_distinction","exo","medium"
"10","22","test","cluster_distinction","exo","hard"
"10","23","test","cluster_distinction","exo","medium"
"10","24","test","cluster_distinction","exo","medium"
"10","25","test","cluster_distinction","exo","easy"
"10","26","test","cluster_distinction","exo","hard"
"10","27","test","cluster_distinction","exo","medium"
"10","28","test","cluster_distinction","exo","medium"
"10","29","test","cluster_distinction","exo","medium"
"10","30","test","cluster_distinction","exo","easy"
"10","31","test","cluster_distinction","exo","easy"
"10","32","test","cluster_distinction","exo","easy"
"10","33","test","cluster_distinction","exo","easy"
"10","34","test","cluster_distinction","exo","hard"
"10","35","test","cluster_distinction","exo","hard"
"10","36","test","cluster_distinction","exo","hard"
"10","37","training","denoising","ego","easy"
"10","38","training","denoising","ego","easy"
"10","39","training","denoising","ego","medium"
"10","40","test","denoising","ego","medium"
"10","41","test","denoising","ego","hard"
"10","42","test","denoising","ego","hard"
"10","43","test","denoising","ego","medium"
"10","44","test","denoising","ego","medium"
"10","45","test","denoising","ego","hard"
"10","46","test","denoising","ego","hard"
"10","47","test","denoising","ego","easy"
"10","48","test","denoising","ego","easy"
"10","49","test","denoising","ego","medium"
"10","50","test","denoising","ego","medium"
"10","51","test","denoising","ego","hard"
"10","52","test","denoising","ego","easy"
"10","53","test","denoising","ego","easy"
"10","54","test","denoising","ego","easy"
"10","55","training","denoising","exo","easy"
"10","56","training","denoising","exo","easy"
"10","57","training","denoising","exo","medium"
"10","58","test","denoising","exo","medium"
"10","59","test","denoising","exo","medium"
"10","60","test","denoising","exo","medium"
"10","61","test","denoising","exo","easy"
"10","62","test","denoising","exo","hard"
"10","63","test","denoising","exo","easy"
"10","64","test","denoising","exo","hard"
"10","65","test","denoising","exo","medium"
"10","66","test","denoising","exo","hard"
"10","67","test","denoising","exo","hard"
"10","68","test","denoising","exo","medium"
"10","69","test","denoising","exo","easy"
"10","70","test","denoising","exo","easy"
"10","71","test","denoising","exo","easy"
"10","72","test","denoising","exo","hard"
"11","1","training","denoising","ego","easy"
"11","2","training","denoising","ego","easy"
"11","3","training","denoising","ego","medium"
"11","4","test","denoising","ego","easy"
"11","5","test","denoising","ego","medium"
"11","6","test","denoising","ego","hard"
"11","7","test","denoising","ego","medium"
"11","8","test","denoising","ego","easy"
"11","9","test","denoising","ego","medium"
"11","10","test","denoising","ego","hard"
"11","11","test","denoising","ego","easy"
"11","12","test","denoising","ego","easy"
"11","13","test","denoising","ego","hard"
"11","14","test","denoising","ego","hard"
"11","15","test","denoising","ego","easy"
"11","16","test","denoising","ego","hard"
"11","17","test","denoising","ego","medium"
"11","18","test","denoising","ego","medium"
"11","19","training","denoising","exo","easy"
"11","20","training","denoising","exo","easy"
"11","21","training","denoising","exo","medium"
"11","22","test","denoising","exo","easy"
"11","23","test","denoising","exo","hard"
"11","24","test","denoising","exo","hard"
"11","25","test","denoising","exo","hard"
"11","26","test","denoising","exo","medium"
"11","27","test","denoising","exo","medium"
"11","28","test","denoising","exo","medium"
"11","29","test","denoising","exo","easy"
"11","30","test","denoising","exo","hard"
"11","31","test","denoising","exo","easy"
"11","32","test","denoising","exo","medium"
"11","33","test","denoising","exo","hard"
"11","34","test","denoising","exo","easy"
"11","35","test","denoising","exo","medium"
"11","36","test","denoising","exo","easy"
"11","37","training","cluster_distinction","ego","easy"
"11","38","training","cluster_distinction","ego","easy"
"11","39","training","cluster_distinction","ego","medium"
"11","40","test","cluster_distinction","ego","hard"
"11","41","test","cluster_distinction","ego","easy"
"11","42","test","cluster_distinction","ego","medium"
"11","43","test","cluster_distinction","ego","medium"
"11","44","test","cluster_distinction","ego","easy"
"11","45","test","cluster_distinction","ego","hard"
"11","46","test","cluster_distinction","ego","easy"
"11","47","test","cluster_distinction","ego","medium"
"11","48","test","cluster_distinction","ego","hard"
"11","49","test","cluster_distinction","ego","easy"
"11","50","test","cluster_distinction","ego","hard"
"11","51","test","cluster_distinction","ego","medium"
"11","52","test","cluster_distinction","ego","easy"
"11","53","test","cluster_distinction","ego","medium"
"11","54","test","cluster_distinction","ego","hard"
"11","55","training","cluster_distinction","exo","easy"
"11","56","training","cluster_distinction","exo","easy"
"11","57","training","cluster_distinction","exo","medium"
"11","58","test","cluster_distinction","exo","easy"
"11","59","test","cluster_distinction","exo","medium"
"11","60","test","cluster_distinction","exo","medium"
"11","61","test","cluster_distinction","exo","medium"
"11","62","test","cluster_distinction","exo","easy"
"11","63","test","cluster_distinction","exo","medium"
"11","64","test","cluster_distinction","exo","medium"
"11","65","test","cluster_distinction","exo","hard"
"11","66","test","cluster_distinction","exo","hard"
"11","67","test","cluster_distinction","exo","hard"
"11","68","test","cluster_distinction","exo","easy"
"11","69","test","cluster_distinction","exo","easy"
"11","70","test","cluster_distinction","exo","hard"
"11","71","test","cluster_distinction","exo","hard"
"11","72","test","cluster_distinction","exo","easy"
"12","1","training","cluster_distinction","exo","easy"
"12","2","training","cluster_distinction","exo","easy"
"12","3","training","cluster_distinction","exo","medium"
"12","4","test","cluster_distinction","exo","medium"
"12","5","test","cluster_distinction","exo","easy"
"12","6","test","cluster_distinction","exo","easy"
"12","7","test","cluster_distinction","exo","medium"
"12","8","test","cluster_distinction","exo","hard"
"12","9","test","cluster_distinction","exo","easy"
"12","10","test","cluster_distinction","exo","hard"
"12","11","test","cluster_distinction","exo","medium"
"12","12","test","cluster_distinction","exo","easy"
"12","13","test","cluster_distinction","exo","medium"
"12","14","test","cluster_distinction","exo","easy"
"12","15","test","cluster_distinction","exo","hard"
"12","16","test","cluster_distinction","exo","hard"
"12","17","test","cluster_distinction","exo","medium"
"12","18","test","cluster_distinction","exo","hard"
"12","19","training","cluster_distinction","ego","easy"
"12","20","training","cluster_distinction","ego","easy"
"12","21","training","cluster_distinction","ego","medium"
"12","22","test","cluster_distinction","ego","easy"
"12","23","test","cluster_distinction","ego","easy"
"12","24","test","cluster_distinction","ego","medium"
"12","25","test","cluster_distinction","ego","hard"
"12","26","test","cluster_distinction","ego","easy"
"12","27","test","cluster_distinction","ego","hard"
"12","28","test","cluster_distinction","ego","medium"
"12","29","test","cluster_distinction","ego","easy"
"12","30","test","cluster_distinction","ego","hard"
"12","31","test","cluster_distinction","ego","hard"
"12","32","test","cluster_distinction","ego","medium"
"12","33","test","cluster_distinction","ego","medium"
"12","34","test","cluster_distinction","ego","easy"
"12","35","test","cluster_distinction","ego","medium"
"12","36","test","cluster_distinction","ego","hard"
"12","37","training","denoising","exo","easy"
"12","38","training","denoising","exo","easy"
"12","39","training","denoising","exo","medium"
"12","40","test","denoising","exo","easy"
"12","41","test","denoising","exo","hard"
"12","42","test","denoising","exo","hard"
"12","43","test","denoising","exo","easy"
"12","44","test","denoising","exo","medium"
"12","45","test","denoising","exo","medium"
"12","46","test","denoising","exo","medium"
"12","47","test","denoising","exo","easy"
"12","48","test","denoising","exo","easy"
"12","49","test","denoising","exo","hard"
"12","50","test","denoising","exo","medium"
"12","51","test","denoising","exo","hard"
"12","52","test","denoising","exo","medium"
"12","53","test","denoising","exo","easy"
"12","54","test","denoising","exo","hard"
"12","55","training","denoising","ego","easy"
"12","56","training","denoising","ego","easy"
"12","57","training","denoising","ego","medium"
"12","58","test","denoising","ego","easy"
"12","59","test","denoising","ego","medium"
"12","60","test","denoising","ego","easy"
"12","61","test","denoising","ego","hard"
"12","62","test","denoising","ego","hard"
"12","63","test","denoising","ego","easy"
"12","64","test","denoising","ego","medium"
"12","65","test","denoising","ego","hard"
"12","66","test","denoising","ego","medium"
"12","67","test","denoising","ego","hard"
"12","68","test","denoising","ego","hard"
"12","69","test","denoising","ego","easy"
"12","70","test","denoising","ego","easy"
"12","71","test","denoising","ego","medium"
"12","72","test","denoising","ego","medium"
"13","1","training","denoising","exo","easy"
"13","2","training","denoising","exo","easy"
"13","3","training","denoising","exo","medium"
"13","4","test","denoising","exo","hard"
"13","5","test","denoising","exo","hard"
"13","6","test","denoising","exo","hard"
"13","7","test","denoising","exo","medium"
"13","8","test","denoising","exo","easy"
"13","9","test","denoising","exo","easy"
"13","10","test","denoising","exo","hard"
"13","11","test","denoising","exo","medium"
"13","12","test","denoising","exo","easy"
"13","13","test","denoising","exo","medium"
"13","14","test","denoising","exo","medium"
"13","15","test","denoising","exo","medium"
"13","16","test","denoising","exo","hard"
"13","17","test","denoising","exo","easy"
"13","18","test","denoising","exo","easy"
"13","19","training","denoising","ego","easy"
"13","20","training","denoising","ego","easy"
"13","21","training","denoising","ego","medium"
"13","22","test","denoising","ego","easy"
"13","23","test","denoising","ego","medium"
"13","24","test","denoising","ego","easy"
"13","25","test","denoising","ego","hard"
"13","26","test","denoising","ego","hard"
"13","27","test","denoising","ego","hard"
"13","28","test","denoising","ego","medium"
"13","29","test","denoising","ego","easy"
"13","30","test","denoising","ego","hard"
"13","31","test","denoising","ego","hard"
"13","32","test","denoising","ego","medium"
"13","33","test","denoising","ego","medium"
"13","34","test","denoising","ego","easy"
"13","35","test","denoising","ego","medium"
"13","36","test","denoising","ego","easy"
"13","37","training","cluster_distinction","exo","easy"
"13","38","training","cluster_distinction","exo","easy"
"13","39","training","cluster_distinction","exo","medium"
"13","40","test","cluster_distinction","exo","medium"
"13","41","test","cluster_distinction","exo","easy"
"13","42","test","cluster_distinction","exo","hard"
"13","43","test","cluster_distinction","exo","hard"
"13","44","test","cluster_distinction","exo","easy"
"13","45","test","cluster_distinction","exo","easy"
"13","46","test","cluster_distinction","exo","easy"
"13","47","test","cluster_distinction","exo","hard"
"13","48","test","cluster_distinction","exo","hard"
"13","49","test","cluster_distinction","exo","medium"
"13","50","test","cluster_distinction","exo","medium"
"13","51","test","cluster_distinction","exo","medium"
"13","52","test","cluster_distinction","exo","medium"
"13","53","test","cluster_distinction","exo","easy"
"13","54","test","cluster_distinction","exo","hard"
"13","55","training","cluster_distinction","ego","easy"
"13","56","training","cluster_distinction","ego","easy"
"13","57","training","cluster_distinction","ego","medium"
"13","58","test","cluster_distinction","ego","medium"
"13","59","test","cluster_distinction","ego","medium"
"13","60","test","cluster_distinction","ego","easy"
"13","61","test","cluster_distinction","ego","easy"
"13","62","test","cluster_distinction","ego","medium"
"13","63","test","cluster_distinction","ego","hard"
"13","64","test","cluster_distinction","ego","hard"
"13","65","test","cluster_distinction","ego","easy"
"13","66","test","cluster_distinction","ego","hard"
"13","67","test","cluster_distinction","ego","hard"
"13","68","test","cluster_distinction","ego","easy"
"13","69","test","cluster_distinction","ego","medium"
"13","70","test","cluster_distinction","ego","medium"
"13","71","test","cluster_distinction","ego","hard"
"13","72","test","cluster_distinction","ego","easy"
"14","1","training","cluster_distinction","ego","easy"
"14","2","training","cluster_distinction","ego","easy"
"14","3","training","cluster_distinction","ego","medium"
"14","4","test","cluster_distinction","ego","hard"
"14","5","test","cluster_distinction","ego","easy"
"14","6","test","cluster_distinction","ego","easy"
"14","7","test","cluster_distinction","ego","hard"
"14","8","test","cluster_distinction","ego","medium"
"14","9","test","cluster_distinction","ego","hard"
"14","10","test","cluster_distinction","ego","medium"
"14","11","test","cluster_distinction","ego","medium"
"14","12","test","cluster_distinction","ego","easy"
"14","13","test","cluster_distinction","ego","medium"
"14","14","test","cluster_distinction","ego","hard"
"14","15","test","cluster_distinction","ego","medium"
"14","16","test","cluster_distinction","ego","easy"
"14","17","test","cluster_distinction","ego","easy"
"14","18","test","cluster_distinction","ego","hard"
"14","19","training","cluster_distinction","exo","easy"
"14","20","training","cluster_distinction","exo","easy"
"14","21","training","cluster_distinction","exo","medium"
"14","22","test","cluster_distinction","exo","medium"
"14","23","test","cluster_distinction","exo","easy"
"14","24","test","cluster_distinction","exo","hard"
"14","25","test","cluster_distinction","exo","easy"
"14","26","test","cluster_distinction","exo","easy"
"14","27","test","cluster_distinction","exo","easy"
"14","28","test","cluster_distinction","exo","hard"
"14","29","test","cluster_distinction","exo","medium"
"14","30","test","cluster_distinction","exo","medium"
"14","31","test","cluster_distinction","exo","hard"
"14","32","test","cluster_distinction","exo","medium"
"14","33","test","cluster_distinction","exo","medium"
"14","34","test","cluster_distinction","exo","easy"
"14","35","test","cluster_distinction","exo","hard"
"14","36","test","cluster_distinction","exo","hard"
"14","37","training","denoising","ego","easy"
"14","38","training","denoising","ego","easy"
"14","39","training","denoising","ego","medium"
"14","40","test","denoising","ego","hard"
"14","41","test","denoising","ego","medium"
"14","42","test","denoising","ego","hard"
"14","43","test","denoising","ego","easy"
"14","44","test","denoising","ego","easy"
"14","45","test","denoising","ego","medium"
"14","46","test","denoising","ego","medium"
"14","47","test","denoising","ego","hard"
"14","48","test","denoising","ego","easy"
"14","49","test","denoising","ego","medium"
"14","50","test","denoising","ego","easy"
"14","51","test","denoising","ego","medium"
"14","52","test","denoising","ego","easy"
"14","53","test","denoising","ego","hard"
"14","54","test","denoising","ego","hard"
"14","55","training","denoising","exo","easy"
"14","56","training","denoising","exo","easy"
"14","57","training","denoising","exo","medium"
"14","58","test","denoising","exo","hard"
"14","59","test","denoising","exo","medium"
"14","60","test","denoising","exo","hard"
"14","61","test","denoising","exo","medium"
"14","62","test","denoising","exo","easy"
"14","63","test","denoising","exo","medium"
"14","64","test","denoising","exo","hard"
"14","65","test","denoising","exo","medium"
"14","66","test","denoising","exo","hard"
"14","67","test","denoising","exo","easy"
"14","68","test","denoising","exo","medium"
"14","69","test","denoising","exo","easy"
"14","70","test","denoising","exo","hard"
"14","71","test","denoising","exo","easy"
"14","72","test","denoising","exo","easy"
"15","1","training","denoising","ego","easy"
"15","2","training","denoising","ego","easy"
"15","3","training","denoising","ego","medium"
"15","4","test","denoising","ego","easy"
"15","5","test","denoising","ego","medium"
"15","6","test","denoising","ego","medium"
"15","7","test","denoising","ego","medium"
"15","8","test","denoising","ego","easy"
"15","9","test","denoising","ego","medium"
"15","10","test","denoising","ego","hard"
"15","11","test","denoising","ego","easy"
"15","12","test","denoising","ego","easy"
"15","13","test","denoising","ego","hard"
"15","14","test","denoising","ego","hard"
"15","15","test","denoising","ego","hard"
"15","16","test","denoising","ego","easy"
"15","17","test","denoising","ego","medium"
"15","18","test","denoising","ego","hard"
"15","19","training","denoising","exo","easy"
"15","20","training","denoising","exo","easy"
"15","21","training","denoising","exo","medium"
"15","22","test","denoising","exo","easy"
"15","23","test","denoising","exo","hard"
"15","24","test","denoising","exo","hard"
"15","25","test","denoising","exo","hard"
"15","26","test","denoising","exo","easy"
"15","27","test","denoising","exo","medium"
"15","28","test","denoising","exo","medium"
"15","29","test","denoising","exo","medium"
"15","30","test","denoising","exo","hard"
"15","31","test","denoising","exo","hard"
"15","32","test","denoising","exo","easy"
"15","33","test","denoising","exo","easy"
"15","34","test","denoising","exo","medium"
"15","35","test","denoising","exo","medium"
"15","36","test","denoising","exo","easy"
"15","37","training","cluster_distinction","ego","easy"
"15","38","training","cluster_distinction","ego","easy"
"15","39","training","cluster_distinction","ego","medium"
"15","40","test","cluster_distinction","ego","easy"
"15","41","test","cluster_distinction","ego","easy"
"15","42","test","cluster_distinction","ego","hard"
"15","43","test","cluster_distinction","ego","medium"
"15","44","test","cluster_distinction","ego","easy"
"15","45","test","cluster_distinction","ego","medium"
"15","46","test","cluster_distinction","ego","medium"
"15","47","test","cluster_distinction","ego","hard"
"15","48","test","cluster_distinction","ego","hard"
"15","49","test","cluster_distinction","ego","hard"
"15","50","test","cluster_distinction","ego","easy"
"15","51","test","cluster_distinction","ego","easy"
"15","52","test","cluster_distinction","ego","medium"
"15","53","test","cluster_distinction","ego","hard"
"15","54","test","cluster_distinction","ego","medium"
"15","55","training","cluster_distinction","exo","easy"
"15","56","training","cluster_distinction","exo","easy"
"15","57","training","cluster_distinction","exo","medium"
"15","58","test","cluster_distinction","exo","medium"
"15","59","test","cluster_distinction","exo","hard"
"15","60","test","cluster_distinction","exo","medium"
"15","61","test","cluster_distinction","exo","hard"
"15","62","test","cluster_distinction","exo","hard"
"15","63","test","cluster_distinction","exo","easy"
"15","64","test","cluster_distinction","exo","hard"
"15","65","test","cluster_distinction","exo","easy"
"15","66","test","cluster_distinction","exo","medium"
"15","67","test","cluster_distinction","exo","medium"
"15","68","test","cluster_distinction","exo","easy"
"15","69","test","cluster_distinction","exo","easy"
"15","70","test","cluster_distinction","exo","hard"
"15","71","test","cluster_distinction","exo","medium"
"15","72","test","cluster_distinction","exo","easy"
"16","1","training","cluster_distinction","exo","easy"
"16","2","training","cluster_distinction","exo","easy"
"16","3","training","cluster_distinction","exo","medium"
"16","4","test","cluster_distinction","exo","hard"
"16","5","test","cluster_distinction","exo","easy"
"16","6","test","cluster_distinction","exo","hard"
"16","7","test","cluster_distinction","exo","medium"
"16","8","test","cluster_distinction","exo","easy"
"16","9","test","cluster_distinction","exo","hard"
"16","10","test","cluster_distinction","exo","easy"
"16","11","test","cluster_distinction","exo","medium"
"16","12","test","cluster_distinction","exo","hard"
"16","13","test","cluster_distinction","exo","medium"
"16","14","test","cluster_distinction","exo","easy"
"16","15","test","cluster_distinction","exo","hard"
"16","16","test","cluster_distinction","exo","easy"
"16","17","test","cluster_distinction","exo","medium"
"16","18","test","cluster_distinction","exo","medium"
"16","19","training","cluster_distinction","ego","easy"
"16","20","training","cluster_distinction","ego","easy"
"16","21","training","cluster_distinction","ego","medium"
"16","22","test","cluster_distinction","ego","hard"
"16","23","test","cluster_distinction","ego","hard"
"16","24","test","cluster_distinction","ego","medium"
"16","25","test","cluster_distinction","ego","easy"
"16","26","test","cluster_distinction","ego","easy"
"16","27","test","cluster_distinction","ego","medium"
"16","28","test","cluster_distinction","ego","medium"
"16","29","test","cluster_distinction","ego","easy"
"16","30","test","cluster_distinction","ego","hard"
"16","31","test","cluster_distinction","ego","hard"
"16","32","test","cluster_distinction","ego","easy"
"16","33","test","cluster_distinction","ego","medium"
"16","34","test","cluster_distinction","ego","hard"
"16","35","test","cluster_distinction","ego","easy"
"16","36","test","cluster_distinction","ego","medium"
"16","37","training","denoising","exo","easy"
"16","38","training","denoising","exo","easy"
"16","39","training","denoising","exo","medium"
"16","40","test","denoising","exo","medium"
"16","41","test","denoising","exo","easy"
"16","42","test","denoising","exo","easy"
"16","43","test","denoising","exo","easy"
"16","44","test","denoising","exo","hard"
"16","45","test","denoising","exo","medium"
"16","46","test","denoising","exo","hard"
"16","47","test","denoising","exo","hard"
"16","48","test","denoising","exo","easy"
"16","49","test","denoising","exo","medium"
"16","50","test","denoising","exo","medium"
"16","51","test","denoising","exo","hard"
"16","52","test","denoising","exo","hard"
"16","53","test","denoising","exo","medium"
"16","54","test","denoising","exo","easy"
"16","55","training","denoising","ego","easy"
"16","56","training","denoising","ego","easy"
"16","57","training","denoising","ego","medium"
"16","58","test","denoising","ego","hard"
"16","59","test","denoising","ego","medium"
"16","60","test","denoising","ego","easy"
"16","61","test","denoising","ego","medium"
"16","62","test","denoising","ego","easy"
"16","63","test","denoising","ego","hard"
"16","64","test","denoising","ego","hard"
"16","65","test","denoising","ego","hard"
"16","66","test","denoising","ego","medium"
"16","67","test","denoising","ego","easy"
"16","68","test","denoising","ego","hard"
"16","69","test","denoising","ego","easy"
"16","70","test","denoising","ego","medium"
"16","71","test","denoising","ego","easy"
"16","72","test","denoising","ego","medium"
"17","1","training","denoising","exo","easy"
"17","2","training","denoising","exo","easy"
"17","3","training","denoising","exo","medium"
"17","4","test","denoising","exo","hard"
"17","5","test","denoising","exo","medium"
"17","6","test","denoising","exo","easy"
"17","7","test","denoising","exo","hard"
"17","8","test","denoising","exo","easy"
"17","9","test","denoising","exo","hard"
"17","10","test","denoising","exo","easy"
"17","11","test","denoising","exo","medium"
"17","12","test","denoising","exo","easy"
"17","13","test","denoising","exo","medium"
"17","14","test","denoising","exo","medium"
"17","15","test","denoising","exo","hard"
"17","16","test","denoising","exo","medium"
"17","17","test","denoising","exo","easy"
"17","18","test","denoising","exo","hard"
"17","19","training","denoising","ego","easy"
"17","20","training","denoising","ego","easy"
"17","21","training","denoising","ego","medium"
"17","22","test","denoising","ego","easy"
"17","23","test","denoising","ego","medium"
"17","24","test","denoising","ego","hard"
"17","25","test","denoising","ego","hard"
"17","26","test","denoising","ego","hard"
"17","27","test","denoising","ego","hard"
"17","28","test","denoising","ego","easy"
"17","29","test","denoising","ego","medium"
"17","30","test","denoising","ego","medium"
"17","31","test","denoising","ego","medium"
"17","32","test","denoising","ego","easy"
"17","33","test","denoising","ego","hard"
"17","34","test","denoising","ego","medium"
"17","35","test","denoising","ego","easy"
"17","36","test","denoising","ego","easy"
"17","37","training","cluster_distinction","exo","easy"
"17","38","training","cluster_distinction","exo","easy"
"17","39","training","cluster_distinction","exo","medium"
"17","40","test","cluster_distinction","exo","medium"
"17","41","test","cluster_distinction","exo","medium"
"17","42","test","cluster_distinction","exo","medium"
"17","43","test","cluster_distinction","exo","easy"
"17","44","test","cluster_distinction","exo","medium"
"17","45","test","cluster_distinction","exo","hard"
"17","46","test","cluster_distinction","exo","easy"
"17","47","test","cluster_distinction","exo","hard"
"17","48","test","cluster_distinction","exo","hard"
"17","49","test","cluster_distinction","exo","hard"
"17","50","test","cluster_distinction","exo","easy"
"17","51","test","cluster_distinction","exo","easy"
"17","52","test","cluster_distinction","exo","medium"
"17","53","test","cluster_distinction","exo","hard"
"17","54","test","cluster_distinction","exo","easy"
"17","55","training","cluster_distinction","ego","easy"
"17","56","training","cluster_distinction","ego","easy"
"17","57","training","cluster_distinction","ego","medium"
"17","58","test","cluster_distinction","ego","easy"
"17","59","test","cluster_distinction","ego","hard"
"17","60","test","cluster_distinction","ego","hard"
"17","61","test","cluster_distinction","ego","medium"
"17","62","test","cluster_distinction","ego","hard"
"17","63","test","cluster_distinction","ego","medium"
"17","64","test","cluster_distinction","ego","medium"
"17","65","test","cluster_distinction","ego","medium"
"17","66","test","cluster_distinction","ego","medium"
"17","67","test","cluster_distinction","ego","easy"
"17","68","test","cluster_distinction","ego","easy"
"17","69","test","cluster_distinction","ego","hard"
"17","70","test","cluster_distinction","ego","easy"
"17","71","test","cluster_distinction","ego","hard"
"17","72","test","cluster_distinction","ego","easy"
"18","1","training","cluster_distinction","ego","easy"
"18","2","training","cluster_distinction","ego","easy"
"18","3","training","cluster_distinction","ego","medium"
"18","4","test","cluster_distinction","ego","hard"
"18","5","test","cluster_distinction","ego","easy"
"18","6","test","cluster_distinction","ego","hard"
"18","7","test","cluster_distinction","ego","medium"
"18","8","test","cluster_distinction","ego","hard"
"18","9","test","cluster_distinction","ego","easy"
"18","10","test","cluster_distinction","ego","easy"
"18","11","test","cluster_distinction","ego","medium"
"18","12","test","cluster_distinction","ego","easy"
"18","13","test","cluster_distinction","ego","medium"
"18","14","test","cluster_distinction","ego","hard"
"18","15","test","cluster_distinction","ego","easy"
"18","16","test","cluster_distinction","ego","medium"
"18","17","test","cluster_distinction","ego","medium"
"18","18","test","cluster_distinction","ego","hard"
"18","19","training","cluster_distinction","exo","easy"
"18","20","training","cluster_distinction","exo","easy"
"18","21","training","cluster_distinction","exo","medium"
"18","22","test","cluster_distinction","exo","easy"
"18","23","test","cluster_distinction","exo","hard"
"18","24","test","cluster_distinction","exo","easy"
"18","25","test","cluster_distinction","exo","easy"
"18","26","test","cluster_distinction","exo","hard"
"18","27","test","cluster_distinction","exo","medium"
"18","28","test","cluster_distinction","exo","hard"
"18","29","test","cluster_distinction","exo","easy"
"18","30","test","cluster_distinction","exo","medium"
"18","31","test","cluster_distinction","exo","hard"
"18","32","test","cluster_distinction","exo","hard"
"18","33","test","cluster_distinction","exo","medium"
"18","34","test","cluster_distinction","exo","medium"
"18","35","test","cluster_distinction","exo","easy"
"18","36","test","cluster_distinction","exo","medium"
"18","37","training","denoising","ego","easy"
"18","38","training","denoising","ego","easy"
"18","39","training","denoising","ego","medium"
"18","40","test","denoising","ego","hard"
"18","41","test","denoising","ego","hard"
"18","42","test","denoising","ego","medium"
"18","43","test","denoising","ego","easy"
"18","44","test","denoising","ego","easy"
"18","45","test","denoising","ego","hard"
"18","46","test","denoising","ego","medium"
"18","47","test","denoising","ego","easy"
"18","48","test","denoising","ego","hard"
"18","49","test","denoising","ego","medium"
"18","50","test","denoising","ego","hard"
"18","51","test","denoising","ego","easy"
"18","52","test","denoising","ego","medium"
"18","53","test","denoising","ego","medium"
"18","54","test","denoising","ego","easy"
"18","55","training","denoising","exo","easy"
"18","56","training","denoising","exo","easy"
"18","57","training","denoising","exo","medium"
"18","58","test","denoising","exo","medium"
"18","59","test","denoising","exo","medium"
"18","60","test","denoising","exo","easy"
"18","61","test","denoising","exo","hard"
"18","62","test","denoising","exo","medium"
"18","63","test","denoising","exo","medium"
"18","64","test","denoising","exo","easy"
"18","65","test","denoising","exo","easy"
"18","66","test","denoising","exo","hard"
"18","67","test","denoising","exo","hard"
"18","68","test","denoising","exo","hard"
"18","69","test","denoising","exo","easy"
"18","70","test","denoising","exo","medium"
"18","71","test","denoising","exo","hard"
"18","72","test","denoising","exo","easy"
"19","1","training","denoising","ego","easy"
"19","2","training","denoising","ego","easy"
"19","3","training","denoising","ego","medium"
"19","4","test","denoising","ego","medium"
"19","5","test","denoising","ego","medium"
"19","6","test","denoising","ego","hard"
"19","7","test","denoising","ego","easy"
"19","8","test","denoising","ego","hard"
"19","9","test","denoising","ego","easy"
"19","10","test","denoising","ego","hard"
"19","11","test","denoising","ego","medium"
"19","12","test","denoising","ego","medium"
"19","13","test","denoising","ego","hard"
"19","14","test","denoising","ego","hard"
"19","15","test","denoising","ego","easy"
"19","16","test","denoising","ego","medium"
"19","17","test","denoising","ego","easy"
"19","18","test","denoising","ego","easy"
"19","19","training","denoising","exo","easy"
"19","20","training","denoising","exo","easy"
"19","21","training","denoising","exo","medium"
"19","22","test","denoising","exo","medium"
"19","23","test","denoising","exo","easy"
"19","24","test","denoising","exo","medium"
"19","25","test","denoising","exo","hard"
"19","26","test","denoising","exo","medium"
"19","27","test","denoising","exo","medium"
"19","28","test","denoising","exo","hard"
"19","29","test","denoising","exo","medium"
"19","30","test","denoising","exo","easy"
"19","31","test","denoising","exo","hard"
"19","32","test","denoising","exo","hard"
"19","33","test","denoising","exo","easy"
"19","34","test","denoising","exo","easy"
"19","35","test","denoising","exo","easy"
"19","36","test","denoising","exo","hard"
"19","37","training","cluster_distinction","ego","easy"
"19","38","training","cluster_distinction","ego","easy"
"19","39","training","cluster_distinction","ego","medium"
"19","40","test","cluster_distinction","ego","easy"
"19","41","test","cluster_distinction","ego","medium"
"19","42","test","cluster_distinction","ego","hard"
"19","43","test","cluster_distinction","ego","medium"
"19","44","test","cluster_distinction","ego","easy"
"19","45","test","cluster_distinction","ego","medium"
"19","46","test","cluster_distinction","ego","medium"
"19","47","test","cluster_distinction","ego","hard"
"19","48","test","cluster_distinction","ego","easy"
"19","49","test","cluster_distinction","ego","hard"
"19","50","test","cluster_distinction","ego","easy"
"19","51","test","cluster_distinction","ego","medium"
"19","52","test","cluster_distinction","ego","easy"
"19","53","test","cluster_distinction","ego","hard"
"19","54","test","cluster_distinction","ego","hard"
"19","55","training","cluster_distinction","exo","easy"
"19","56","training","cluster_distinction","exo","easy"
"19","57","training","cluster_distinction","exo","medium"
"19","58","test","cluster_distinction","exo","hard"
"19","59","test","cluster_distinction","exo","hard"
"19","60","test","cluster_distinction","exo","easy"
"19","61","test","cluster_distinction","exo","medium"
"19","62","test","cluster_distinction","exo","hard"
"19","63","test","cluster_distinction","exo","medium"
"19","64","test","cluster_distinction","exo","hard"
"19","65","test","cluster_distinction","exo","easy"
"19","66","test","cluster_distinction","exo","easy"
"19","67","test","cluster_distinction","exo","hard"
"19","68","test","cluster_distinction","exo","easy"
"19","69","test","cluster_distinction","exo","medium"
"19","70","test","cluster_distinction","exo","easy"
"19","71","test","cluster_distinction","exo","medium"
"19","72","test","cluster_distinction","exo","medium"
"20","1","training","cluster_distinction","exo","easy"
"20","2","training","cluster_distinction","exo","easy"
"20","3","training","cluster_distinction","exo","medium"
"20","4","test","cluster_distinction","exo","hard"
"20","5","test","cluster_distinction","exo","medium"
"20","6","test","cluster_distinction","exo","hard"
"20","7","test","cluster_distinction","exo","hard"
"20","8","test","cluster_distinction","exo","easy"
"20","9","test","cluster_distinction","exo","hard"
"20","10","test","cluster_distinction","exo","medium"
"20","11","test","cluster_distinction","exo","easy"
"20","12","test","cluster_distinction","exo","easy"
"20","13","test","cluster_distinction","exo","hard"
"20","14","test","cluster_distinction","exo","medium"
"20","15","test","cluster_distinction","exo","easy"
"20","16","test","cluster_distinction","exo","medium"
"20","17","test","cluster_distinction","exo","easy"
"20","18","test","cluster_distinction","exo","medium"
"20","19","training","cluster_distinction","ego","easy"
"20","20","training","cluster_distinction","ego","easy"
"20","21","training","cluster_distinction","ego","medium"
"20","22","test","cluster_distinction","ego","medium"
"20","23","test","cluster_distinction","ego","hard"
"20","24","test","cluster_distinction","ego","easy"
"20","25","test","cluster_distinction","ego","easy"
"20","26","test","cluster_distinction","ego","easy"
"20","27","test","cluster_distinction","ego","easy"
"20","28","test","cluster_distinction","ego","hard"
"20","29","test","cluster_distinction","ego","hard"
"20","30","test","cluster_distinction","ego","hard"
"20","31","test","cluster_distinction","ego","hard"
"20","32","test","cluster_distinction","ego","medium"
"20","33","test","cluster_distinction","ego","medium"
"20","34","test","cluster_distinction","ego","medium"
"20","35","test","cluster_distinction","ego","medium"
"20","36","test","cluster_distinction","ego","easy"
"20","37","training","denoising","exo","easy"
"20","38","training","denoising","exo","easy"
"20","39","training","denoising","exo","medium"
"20","40","test","denoising","exo","easy"
"20","41","test","denoising","exo","medium"
"20","42","test","denoising","exo","easy"
"20","43","test","denoising","exo","medium"
"20","44","test","denoising","exo","hard"
"20","45","test","denoising","exo","hard"
"20","46","test","denoising","exo","medium"
"20","47","test","denoising","exo","hard"
"20","48","test","denoising","exo","easy"
"20","49","test","denoising","exo","medium"
"20","50","test","denoising","exo","easy"
"20","51","test","denoising","exo","easy"
"20","52","test","denoising","exo","medium"
"20","53","test","denoising","exo","hard"
"20","54","test","denoising","exo","hard"
"20","55","training","denoising","ego","easy"
"20","56","training","denoising","ego","easy"
"20","57","training","denoising","ego","medium"
"20","58","test","denoising","ego","hard"
"20","59","test","denoising","ego","hard"
"20","60","test","denoising","ego","easy"
"20","61","test","denoising","ego","medium"
"20","62","test","denoising","ego","easy"
"20","63","test","denoising","ego","hard"
"20","64","test","denoising","ego","easy"
"20","65","test","denoising","ego","easy"
"20","66","test","denoising","ego","medium"
"20","67","test","denoising","ego","medium"
"20","68","test","denoising","ego","hard"
"20","69","test","denoising","ego","medium"
"20","70","test","denoising","ego","easy"
"20","71","test","denoising","ego","hard"
"20","72","test","denoising","ego","medium"